step,avg_rent,avg_travel,share_low_income,gentr_dispersion,displacements,vacancy_rate,aff_units,mkt_units,total_units
0,513.4800514682213,15.675065328396824,0.4492499998876875,0.2599775747508306,2892,0.05660377358490565,3072,1168,4240
1,505.8416248129211,15.872158738924306,0.4482499998879375,0.2812106135986733,2566,0.1071428571428571,3144,1336,4480
2,498.78706090483854,15.873383565036484,0.447999999888,0.30066250000000005,2526,0.15254237288135597,3216,1504,4720
3,493.5099682809092,15.875037083265896,0.4477499998880625,0.28724049586776856,2387,0.19354838709677424,3288,1672,4960
4,485.90002046959273,15.963225267175112,0.446499999888375,0.2907524752475249,2316,0.23076923076923073,3360,1840,5200
5,477.5934761073539,16.038440362080003,0.4457499998885625,0.295627887788779,2103,0.2647058823529411,3432,2008,5440
6,469.809025937567,16.100920719061055,0.4452499998886875,0.31108881578947367,1920,0.295774647887324,3504,2176,5680
7,462.0507567436035,16.027979217580288,0.444499999888875,0.3143453947368421,1826,0.32432432432432434,3576,2344,5920
8,452.62502280617105,16.114362322501663,0.4442499998889375,0.3160848434925865,1811,0.35064935064935066,3648,2512,6160
9,443.7057212178498,16.005171575553806,0.44474999988881253,0.311341021416804,1785,0.375,3720,2680,6400
10,432.40876168079893,16.033234371944168,0.44499999988875,0.3058805237315877,1791,0.38650306748466257,3756,2764,6520
11,420.4087555758988,16.01184268809035,0.4437499998890625,0.2967868852459017,1785,0.3975903614457831,3792,2848,6640
12,408.29184245628016,15.994998531454623,0.44299999988925004,0.29716639344262297,1771,0.4002998500749625,3801,2869,6670
13,396.8733202764758,16.001297887381252,0.4427499998893125,0.2893094462540716,1784,0.40828402366863903,3828,2932,6760
14,385.2816725881286,15.982077690580331,0.442499999889375,0.2762,1760,0.40828402366863903,3828,2932,6760
15,374.015836217209,15.970531735988317,0.44174999988956254,0.28114910858995146,1765,0.40828402366863903,3828,2932,6760
16,363.2560994225978,16.00850076708077,0.4412499998896875,0.26587722132471725,1780,0.40828402366863903,3828,2932,6760
17,354.2615549214499,15.917924806293001,0.4407499998898125,0.26721521035598705,1762,0.40828402366863903,3828,2932,6760
18,344.44373513559304,15.98546335182135,0.4402499998899375,0.2717250803858522,1769,0.4108983799705449,3837,2953,6790
19,337.1158862789601,15.988187581860503,0.43899999989025,0.26443418940609953,1758,0.4108983799705449,3837,2953,6790
20,330.48119309631755,15.929189994935777,0.4387499998903125,0.26526762820512817,1745,0.4108983799705449,3837,2953,6790
21,324.9027484707378,16.0255085119766,0.43899999989025,0.2631557507987221,1723,0.4108983799705449,3837,2953,6790
22,320.45852163079775,16.00623866109126,0.4377499998905625,0.2750832000000002,1723,0.4108983799705449,3837,2953,6790
23,315.2241665422553,16.02853976926692,0.43699999989075,0.28695548489666134,1641,0.4108983799705449,3837,2953,6790
24,310.18700245340364,15.845628712444105,0.435999999891,0.30191587301587297,1493,0.4108983799705449,3837,2953,6790
25,306.50396751532224,15.879527672807043,0.435999999891,0.30638985736925517,1352,0.4108983799705449,3837,2953,6790
26,304.5148892255512,15.882975814312916,0.43549999989112503,0.3175595238095239,1284,0.4108983799705449,3837,2953,6790
27,301.57703922292114,16.073338238973438,0.43424999989143753,0.32854856687898093,1188,0.4108983799705449,3837,2953,6790
28,299.1852942980252,16.100623835916124,0.43424999989143753,0.34970793650793675,1026,0.4108983799705449,3837,2953,6790
29,299.6758974945953,16.019528528961267,0.4332499998916875,0.34149840510366825,1104,0.4108983799705449,3837,2953,6790
30,298.2215774863452,16.067234476237548,0.4332499998916875,0.3596571428571429,981,0.4108983799705449,3837,2953,6790
31,298.9511860956612,15.874348040315812,0.4332499998916875,0.3499747634069401,1022,0.4108983799705449,3837,2953,6790
32,298.1039812608499,16.042540192033538,0.43299999989175003,0.3511745283018868,1002,0.4108983799705449,3837,2953,6790
33,298.86484571281596,15.950682761022888,0.4327499998918125,0.34868838304552585,936,0.4108983799705449,3837,2953,6790
34,300.53733330726703,15.953968750321515,0.43174999989206253,0.3254042386185244,1052,0.4108983799705449,3837,2953,6790
35,299.84233252926543,15.994462741749967,0.431499999892125,0.34509937402190927,1042,0.4108983799705449,3837,2953,6790
36,299.019044977896,16.022244192861194,0.43099999989225,0.3527970219435739,1002,0.4108983799705449,3837,2953,6790
37,299.12784849986775,15.842532351548906,0.43049999989237503,0.3281379844961241,1036,0.4108983799705449,3837,2953,6790
38,299.8837843089713,15.850958663954572,0.43049999989237503,0.3101661514683153,1142,0.4108983799705449,3837,2953,6790
39,296.60456491500764,15.862673116837069,0.4307499998923125,0.34146153846153837,949,0.4108983799705449,3837,2953,6790
40,297.11488419959886,15.969560735717344,0.42999999989250004,0.34266385911179165,925,0.4108983799705449,3837,2953,6790
41,297.19033168248086,16.137518979560834,0.42924999989268753,0.3514502297090353,933,0.4108983799705449,3837,2953,6790
42,297.0280559179208,16.122862398875476,0.427999999893,0.3707155963302753,765,0.4108983799705449,3837,2953,6790
43,298.42350755939526,16.002778664198022,0.4267499998933125,0.35540825688073396,916,0.4108983799705449,3837,2953,6790
44,298.4560524858046,15.86089862805574,0.425499999893625,0.3478264525993885,953,0.4108983799705449,3837,2953,6790
45,297.9290425893951,15.889462844788293,0.42499999989375004,0.3376499238964993,939,0.4108983799705449,3837,2953,6790
46,298.4910528962366,15.896611700097825,0.42374999989406253,0.3341811263318113,945,0.4108983799705449,3837,2953,6790
47,297.25139924459586,15.9267182800745,0.423499999894125,0.3440296803652968,866,0.4108983799705449,3837,2953,6790
48,298.07795059272377,15.950359498862806,0.4232499998941875,0.3358969696969698,910,0.4108983799705449,3837,2953,6790
49,299.17480960127637,15.922072528797592,0.42299999989425,0.30661463046757165,1071,0.4108983799705449,3837,2953,6790
50,296.5441311812645,16.045277132930813,0.4227499998943125,0.338321212121212,866,0.4108983799705449,3837,2953,6790
51,297.2060414971767,16.030892539292395,0.4219999998945,0.3514947209653093,819,0.4108983799705449,3837,2953,6790
52,296.6780779043112,15.985776919527714,0.421499999894625,0.36161879699248123,826,0.4108983799705449,3837,2953,6790
53,297.6937782033287,15.97850666326734,0.4219999998945,0.35959834834834836,801,0.4108983799705449,3837,2953,6790
54,299.72458709130206,15.76988618114515,0.4217499998945625,0.33421546546546543,916,0.4108983799705449,3837,2953,6790
55,300.438766408265,15.782411039611146,0.4207499998948125,0.3211259370314843,991,0.4108983799705449,3837,2953,6790
56,301.35798162907315,15.606985347950252,0.41999999989500003,0.2847847533632286,1092,0.4108983799705449,3837,2953,6790
57,299.8167542786768,15.799045518043437,0.41999999989500003,0.29964776119403,1017,0.4108983799705449,3837,2953,6790
58,298.5904812288252,15.811549983676866,0.4192499998951875,0.31958740740740743,934,0.4108983799705449,3837,2953,6790
59,297.49772565513575,15.805470952641183,0.4197499998950625,0.3349178994082841,836,0.4108983799705449,3837,2953,6790
60,299.1165789682882,15.951670749211047,0.4192499998951875,0.32173520710059167,966,0.4108983799705449,3837,2953,6790
61,296.126689195404,16.09873600571419,0.4177499998955625,0.3408274336283186,788,0.4108983799705449,3837,2953,6790
62,295.2204368240269,16.093664428693145,0.41624999989593753,0.35979838709677425,662,0.4108983799705449,3837,2953,6790
63,294.47571691387736,16.0510393216949,0.41624999989593753,0.37644590643274856,606,0.4108983799705449,3837,2953,6790
64,294.8652343346221,15.861566686954466,0.41624999989593753,0.3700737226277373,621,0.4108983799705449,3837,2953,6790
65,295.82311512584477,15.852638742331857,0.415999999896,0.36185276967930025,708,0.4108983799705449,3837,2953,6790
66,295.2700086633395,15.847050871655794,0.41499999989625,0.38105320699708456,596,0.4108983799705449,3837,2953,6790
67,296.4056066033502,15.931637133194284,0.41499999989625,0.36167561683599425,643,0.4108983799705449,3837,2953,6790
68,296.71815017997255,15.848302595124272,0.415499999896125,0.35401884057971,709,0.4108983799705449,3837,2953,6790
69,296.2526694819587,15.89945026577284,0.4152499998961875,0.3700782608695652,615,0.4108983799705449,3837,2953,6790
70,297.26615702041505,15.832590238681338,0.41449999989637504,0.3523802612481859,733,0.4108983799705449,3837,2953,6790
71,297.58805420705,15.878818841188634,0.41324999989668754,0.33995784883720936,787,0.4108983799705449,3837,2953,6790
72,297.3970635416692,15.765552918075887,0.4122499998969375,0.32531259044862526,806,0.4108983799705449,3837,2953,6790
73,296.02882454486684,15.787187484795146,0.4122499998969375,0.3400311594202897,706,0.4108983799705449,3837,2953,6790
74,294.8552244150706,15.752324199854444,0.4122499998969375,0.3485202312138729,640,0.4108983799705449,3837,2953,6790
75,294.30264900618573,15.808185899945329,0.4112499998971875,0.3606345323741008,582,0.4108983799705449,3837,2953,6790
76,293.63717887269786,15.845426033302115,0.4102499998974375,0.3714497126436782,515,0.4108983799705449,3837,2953,6790
77,294.86446734835636,16.021590850228407,0.4099999998975,0.34571561604584533,593,0.4108983799705449,3837,2953,6790
78,295.18833242540205,16.053298495261824,0.40949999989762503,0.348621794871795,588,0.4108983799705449,3837,2953,6790
79,294.9464275318269,16.025555409078287,0.407999999898,0.3684886363636365,531,0.4108983799705449,3837,2953,6790
80,296.33423376597074,15.875976729460904,0.40699999989825003,0.35261505681818195,664,0.4108983799705449,3837,2953,6790
81,296.8726987560011,16.006886620685606,0.40574999989856253,0.35263333333333347,699,0.4108983799705449,3837,2953,6790
82,295.6672136072219,16.049068513436136,0.406499999898375,0.3564382978723405,673,0.4108983799705449,3837,2953,6790
83,295.3771254656907,15.972744720548034,0.4062499998984375,0.35789225352112664,593,0.4108983799705449,3837,2953,6790
84,294.1901468720636,16.0108952815605,0.4059999998985,0.3756441631504923,487,0.4108983799705449,3837,2953,6790
85,295.74799498076527,15.866771975081866,0.4059999998985,0.3648255977496484,530,0.4108983799705449,3837,2953,6790
86,296.856259915366,15.802915715214239,0.4062499998984375,0.34739014084507036,659,0.4108983799705449,3837,2953,6790
87,297.0333221989504,15.708122506923882,0.406499999898375,0.3240287114845939,763,0.4108983799705449,3837,2953,6790
88,296.6191517347155,15.60339711568099,0.405499999898625,0.32699368863955114,686,0.4108983799705449,3837,2953,6790
89,295.4573676212642,15.660721168403159,0.40499999989875,0.33957433380084145,558,0.4108983799705449,3837,2953,6790
90,296.0897099687248,15.643626405856214,0.4042499998989375,0.3259753521126759,660,0.4108983799705449,3837,2953,6790
91,295.92755404793945,15.6427283753481,0.40299999989925,0.32150211267605644,634,0.4108983799705449,3837,2953,6790
92,296.3710865970765,15.58529868721858,0.403499999899125,0.3270997191011237,638,0.4108983799705449,3837,2953,6790
93,295.9724469114347,15.561147605614316,0.40299999989925,0.3267068723702664,670,0.4108983799705449,3837,2953,6790
94,294.97025356849787,15.578713125888305,0.40299999989925,0.34200279720279725,605,0.4108983799705449,3837,2953,6790
95,295.27256079168785,15.765862554531088,0.4022499998994375,0.3243156424581004,682,0.4108983799705449,3837,2953,6790
96,294.48891091227034,15.736686524806746,0.4017499998995625,0.3372482662968098,591,0.4108983799705449,3837,2953,6790
97,295.80246475119833,15.908315385248532,0.4012499998996875,0.31835991678224684,723,0.4108983799705449,3837,2953,6790
98,293.93656809873016,15.959148999980775,0.40149999989962504,0.33590165061898214,562,0.4108983799705449,3837,2953,6790
99,293.63920564778863,15.946760472848187,0.4012499998996875,0.3497832647462278,523,0.4108983799705449,3837,2953,6790
100,293.75605137850033,16.064813206704443,0.4007499998998125,0.35088866120218565,482,0.4108983799705449,3837,2953,6790
101,295.0901203261294,15.938138591330787,0.40024999989993754,0.3321452933151433,593,0.4108983799705449,3837,2953,6790
102,294.0972740145155,16.014758730551513,0.40024999989993754,0.3391131687242799,488,0.4108983799705449,3837,2953,6790
103,293.8104888322395,16.051738941500428,0.3997499999000625,0.355032831737346,397,0.4108983799705449,3837,2953,6790
104,294.87849235385784,15.882368593434922,0.399499999900125,0.3603474692202463,522,0.4108983799705449,3837,2953,6790
105,295.143356944274,15.886322457758084,0.3987499999003125,0.3631552667578659,435,0.4108983799705449,3837,2953,6790
106,295.7077617589045,15.870312033530388,0.398499999900375,0.3668077975376197,463,0.4108983799705449,3837,2953,6790
107,296.20827247314963,15.988040949959919,0.39899999990025004,0.35433493150684925,501,0.4108983799705449,3837,2953,6790
108,296.6769320084245,16.023377146807025,0.3979999999005,0.35353429355281196,483,0.4108983799705449,3837,2953,6790
109,296.7295854020152,16.045021720892983,0.3982499999004375,0.36256019151846786,422,0.4108983799705449,3837,2953,6790
110,297.92997041423877,15.92764410439042,0.3979999999005,0.34779098360655736,489,0.4108983799705449,3837,2953,6790
111,298.7762461991817,15.880820742164254,0.3979999999005,0.3372877551020408,537,0.4108983799705449,3837,2953,6790
112,299.4310440884164,15.757468588150545,0.3979999999005,0.3183004059539919,599,0.4108983799705449,3837,2953,6790
113,301.1032066714088,15.673150709916372,0.39699999990075,0.30350675675675665,750,0.4108983799705449,3837,2953,6790
114,300.6834068305405,15.740978542881516,0.3967499999008125,0.2986948924731182,708,0.4108983799705449,3837,2953,6790
115,301.6187623682013,15.53707236766529,0.3962499999009375,0.2565033512064343,851,0.4108983799705449,3837,2953,6790
116,298.4876624029293,15.634540919026106,0.395499999901125,0.2914026666666666,684,0.4108983799705449,3837,2953,6790
117,297.5852739919949,15.648463203825521,0.3957499999010625,0.31033577127659573,610,0.4108983799705449,3837,2953,6790
118,296.7868029170425,15.579672783275711,0.3957499999010625,0.3215571049136786,596,0.4108983799705449,3837,2953,6790
119,296.39835791205456,15.590280165918275,0.39524999990118753,0.3348902116402118,485,0.4108983799705449,3837,2953,6790
120,295.36182672560955,15.622716889876767,0.39499999990125,0.3487146631439896,402,0.4108983799705449,3837,2953,6790
121,297.9713605241254,15.697123695183874,0.394499999901375,0.3078331143232589,614,0.4108983799705449,3837,2953,6790
122,298.1091630953871,15.89768064326394,0.393499999901625,0.30398749999999997,634,0.4108983799705449,3837,2953,6790
123,298.24001781995025,15.768693527910237,0.39299999990175,0.30851576872536146,623,0.4108983799705449,3837,2953,6790
124,298.0886359480519,15.699087451184285,0.39274999990181253,0.3083174083769633,645,0.4108983799705449,3837,2953,6790
125,296.0699807298361,15.794979990617252,0.39274999990181253,0.32130235602094237,514,0.4108983799705449,3837,2953,6790
126,295.8340687402903,15.789584125525337,0.39299999990175,0.33676993464052296,465,0.4108983799705449,3837,2953,6790
127,297.4294777832,15.733310797609409,0.392499999901875,0.3277298177083333,550,0.4108983799705449,3837,2953,6790
128,297.5302946433228,15.795388515552794,0.3922499999019375,0.3241207792207793,582,0.4108983799705449,3837,2953,6790
129,296.8493915763703,15.79695567546904,0.392499999901875,0.33045649350649364,572,0.4108983799705449,3837,2953,6790
130,297.6137061013775,15.672979910323502,0.3922499999019375,0.33339364461737997,578,0.4108983799705449,3837,2953,6790
131,296.79943836920285,15.668361513715045,0.392499999901875,0.34970103761348903,483,0.4108983799705449,3837,2953,6790
132,298.2543769422589,15.638962827872986,0.391999999902,0.33806541450777183,565,0.4108983799705449,3837,2953,6790
133,297.86894194226323,15.592249167040059,0.39149999990212503,0.3447033678756476,531,0.4108983799705449,3837,2953,6790
134,299.02951983431075,15.658895632747214,0.38974999990256254,0.32432512953367887,651,0.4108983799705449,3837,2953,6790
135,299.26927031965846,15.732044721986517,0.389499999902625,0.32674322580645154,620,0.4108983799705449,3837,2953,6790
136,298.4074645573358,15.659456969551034,0.38974999990256254,0.33219498069498066,567,0.4108983799705449,3837,2953,6790
137,299.09321968336354,15.554844685114825,0.389499999902625,0.3088729032258065,625,0.4108983799705449,3837,2953,6790
138,298.07276256291937,15.61885926349787,0.38974999990256254,0.32639524421593824,490,0.4108983799705449,3837,2953,6790
139,297.58961388274855,15.640329253360028,0.3899999999025,0.3354768041237114,442,0.4108983799705449,3837,2953,6790
140,298.7365565713484,15.54817035594151,0.38974999990256254,0.3308966623876767,548,0.4108983799705449,3837,2953,6790
141,298.26712920757154,15.621377054653799,0.390499999902375,0.3449093231162197,472,0.4108983799705449,3837,2953,6790
142,299.90552306494845,15.500125501841994,0.39149999990212503,0.31697388535031856,618,0.4108983799705449,3837,2953,6790
143,299.41468041532426,15.624991763538672,0.3917499999020625,0.326767515923567,583,0.4108983799705449,3837,2953,6790
144,300.46254477652514,15.748953090444457,0.3912499999021875,0.3182703045685278,701,0.4134897360703812,3852,2968,6820
145,299.4828976296581,15.745235532226516,0.38974999990256254,0.32639240506329126,649,0.4134897360703812,3852,2968,6820
146,298.33246413148856,15.822535450044908,0.3887499999028125,0.3270581542351455,562,0.4134897360703812,3852,2968,6820
147,297.5471836323494,15.859142556366175,0.3882499999029375,0.3507474683544304,475,0.4134897360703812,3852,2968,6820
148,298.2717095562509,15.805485242847425,0.38699999990325,0.3394015151515153,531,0.4134897360703812,3852,2968,6820
149,297.7218192978843,15.822164650185725,0.3867499999033125,0.34632156368221945,463,0.4134897360703812,3852,2968,6820
150,296.83031774166494,15.843652187574662,0.3857499999035625,0.35910416666666667,389,0.4134897360703812,3852,2968,6820
151,297.5214521726778,15.730972567371865,0.3852499999036875,0.3482692307692308,433,0.4134897360703812,3852,2968,6820
152,298.99161807892176,15.637425251286803,0.385499999903625,0.3376122320302649,487,0.4134897360703812,3852,2968,6820
153,299.19058425032824,15.652363047067146,0.3852499999036875,0.3408602015113352,485,0.4134897360703812,3852,2968,6820
154,300.4504386148318,15.66915974366811,0.383999999904,0.29560416666666645,715,0.4134897360703812,3852,2968,6820
155,300.0697116332536,15.67036915961095,0.38299999990425,0.297617128463476,623,0.4134897360703812,3852,2968,6820
156,299.2357466544801,15.602723545303888,0.38299999990425,0.3067716981132076,576,0.4134897360703812,3852,2968,6820
157,299.97185811217474,15.639394751971633,0.3837499999040625,0.298374213836478,670,0.4134897360703812,3852,2968,6820
158,299.85874187719975,15.648114047394442,0.38299999990425,0.3045973618090453,636,0.4134897360703812,3852,2968,6820
159,298.3095322244998,15.67885359690648,0.38299999990425,0.31761702127659575,532,0.4134897360703812,3852,2968,6820
160,298.4662008628007,15.524971647773384,0.3827499999043125,0.3028264411027568,631,0.4134897360703812,3852,2968,6820
161,299.2511782336928,15.411412865709476,0.3819999999045,0.30686052303860534,664,0.4134897360703812,3852,2968,6820
162,298.21332749328104,15.439089284991445,0.38099999990475003,0.3206018633540372,548,0.4134897360703812,3852,2968,6820
163,297.94156908738,15.466687487958575,0.3812499999046875,0.3292552664188352,558,0.4134897360703812,3852,2968,6820
164,297.2667445677627,15.444239430943346,0.380499999904875,0.34307240099009906,487,0.4134897360703812,3852,2968,6820
165,297.6087486160775,15.476375655273506,0.37974999990506253,0.3472404438964243,478,0.4134897360703812,3852,2968,6820
166,297.9522041291042,15.478582920553395,0.37899999990525,0.3402693726937269,504,0.4134897360703812,3852,2968,6820
167,297.41266915943675,15.491725896916414,0.379499999905125,0.35142383292383284,440,0.4134897360703812,3852,2968,6820
168,298.16664009180255,15.428070940100849,0.37974999990506253,0.34347970479704804,499,0.4134897360703812,3852,2968,6820
169,298.8515044375504,15.620646540635542,0.379499999905125,0.3351288343558282,590,0.4134897360703812,3852,2968,6820
170,299.16677772078515,15.707058257369004,0.37974999990506253,0.33791850490196074,599,0.4134897360703812,3852,2968,6820
171,298.20091940951966,15.734232524756525,0.3792499999051875,0.3387438875305624,541,0.4134897360703812,3852,2968,6820
172,296.91393076678406,15.772618973639497,0.3787499999053125,0.35808880778588803,464,0.4134897360703812,3852,2968,6820
173,296.05453169365114,15.790721656650197,0.3782499999054375,0.3689040097205346,408,0.4134897360703812,3852,2968,6820
174,296.78646381876285,15.816504023563907,0.377499999905625,0.3603227771010963,408,0.4134897360703812,3852,2968,6820
175,296.801039201069,15.745306891108225,0.37674999990581254,0.3699184914841849,413,0.4134897360703812,3852,2968,6820
176,296.789879754093,15.791181681228128,0.37674999990581254,0.37134264884568646,332,0.4134897360703812,3852,2968,6820
177,297.09537434628794,15.820310105318548,0.37674999990581254,0.37491990291262156,320,0.4134897360703812,3852,2968,6820
178,299.3056422817133,15.80361980646479,0.37699999990575,0.3447864077669903,473,0.4134897360703812,3852,2968,6820
179,299.47812807588525,15.756471746710819,0.375999999906,0.3497749391727495,495,0.4134897360703812,3852,2968,6820
180,298.75012768958385,15.79334855770789,0.3757499999060625,0.35433475091130007,399,0.4134897360703812,3852,2968,6820
181,299.26244877625476,15.703778275727814,0.3752499999061875,0.34958070388349505,415,0.4134897360703812,3852,2968,6820
182,300.15364221835114,15.647758861808024,0.37499999990625,0.34841656590084635,417,0.4134897360703812,3852,2968,6820
183,299.84388409318865,15.694365212481193,0.3747499999063125,0.35290700483091786,376,0.4134897360703812,3852,2968,6820
184,303.23547933672137,15.528469366793491,0.374499999906375,0.3154231234866828,625,0.4134897360703812,3852,2968,6820
185,302.67543291192385,15.512419853268613,0.37424999990643754,0.31303337378640783,585,0.4134897360703812,3852,2968,6820
186,302.2108836978081,15.507881677809165,0.373499999906625,0.3123355501813785,649,0.4134897360703812,3852,2968,6820
187,301.68846379981454,15.431320456700062,0.374499999906375,0.3180670289855072,592,0.4134897360703812,3852,2968,6820
188,301.8657432314231,15.420031149927938,0.3737499999065625,0.3147605294825513,607,0.4134897360703812,3852,2968,6820
189,302.79692444095986,15.318555396385065,0.3737499999065625,0.29384933973589433,731,0.4134897360703812,3852,2968,6820
190,300.9718799677317,15.3478534673821,0.37424999990643754,0.30940430622009574,591,0.4134897360703812,3852,2968,6820
191,300.98437128751254,15.300557420338388,0.3747499999063125,0.30002259215219973,652,0.4134897360703812,3852,2968,6820
192,299.9629450720954,15.335813943996868,0.37424999990643754,0.32063760379596695,549,0.4134897360703812,3852,2968,6820
193,298.75381347964554,15.385437079368685,0.373499999906625,0.32195788849347573,505,0.4134897360703812,3852,2968,6820
194,297.79215004166673,15.408213238412706,0.37299999990675003,0.3403622327790975,415,0.4134897360703812,3852,2968,6820
195,298.7827517605711,15.585031255029218,0.3727499999068125,0.33856302021403095,517,0.4134897360703812,3852,2968,6820
196,297.3143403183879,15.647116114546886,0.371999999907,0.352004739336493,412,0.4134897360703812,3852,2968,6820
197,297.92881607958924,15.737894238174723,0.37174999990706253,0.3480650887573965,421,0.4134897360703812,3852,2968,6820
198,297.38232069381934,15.75120685960336,0.371499999907125,0.3535913404507711,380,0.4134897360703812,3852,2968,6820
199,298.8923231021966,15.707404986232232,0.3712499999071875,0.32952011834319517,533,0.4134897360703812,3852,2968,6820
200,298.64826382016724,15.665086873290592,0.3707499999073125,0.3270482921083627,526,0.4134897360703812,3852,2968,6820
201,298.5899224194801,15.68886065261039,0.369499999907625,0.3251770222743259,532,0.4134897360703812,3852,2968,6820
202,298.5094839436244,15.74287144571985,0.3687499999078125,0.3309554513481828,519,0.4134897360703812,3852,2968,6820
203,298.29788690045325,15.822324317600044,0.3677499999080625,0.33652392065344217,446,0.4134897360703812,3852,2968,6820
204,298.9554030084197,15.758252667515457,0.3659999999085,0.32806067677946327,487,0.4134897360703812,3852,2968,6820
205,297.91232625513646,15.78230152496448,0.36549999990862503,0.3411627906976745,441,0.4134897360703812,3852,2968,6820
206,297.23985582377674,15.809987218455662,0.36499999990875,0.35723059096176146,358,0.4134897360703812,3852,2968,6820
207,299.44255194476887,15.56911628048223,0.364499999908875,0.3256062355658199,471,0.4134897360703812,3852,2968,6820
208,299.6078161103514,15.56113024980987,0.3652499999086875,0.32237831603229516,485,0.4134897360703812,3852,2968,6820
209,299.76259202231233,15.619875109172021,0.3652499999086875,0.332791474654378,411,0.4134897360703812,3852,2968,6820
210,299.71212449038273,15.593975957418921,0.36499999990875,0.3313266360505167,434,0.4134897360703812,3852,2968,6820
211,300.5310940427705,15.661680712880512,0.3652499999086875,0.32358476517754875,509,0.4134897360703812,3852,2968,6820
212,300.03096974768465,15.585332910382608,0.36549999990862503,0.3233401826484017,492,0.4134897360703812,3852,2968,6820
213,300.60752892872256,15.381033602098508,0.3652499999086875,0.3219042189281641,547,0.4134897360703812,3852,2968,6820
214,300.6743487036781,15.386026931244595,0.3647499999088125,0.32223291571753987,510,0.4134897360703812,3852,2968,6820
215,301.1230398547983,15.336545425876398,0.363999999909,0.3169801136363637,599,0.4134897360703812,3852,2968,6820
216,300.09243430546206,15.419038520467538,0.363999999909,0.3195854072398191,544,0.4134897360703812,3852,2968,6820
217,300.6153968354959,15.352771009970976,0.3632499999091875,0.30782579185520376,609,0.4134897360703812,3852,2968,6820
218,298.5794138773063,15.411955527145405,0.36249999990937504,0.32508720271800673,482,0.4134897360703812,3852,2968,6820
219,297.6281138129826,15.450481843000729,0.3617499999095625,0.33811325028312567,373,0.4134897360703812,3852,2968,6820
220,297.42514793099565,15.512736998163145,0.3617499999095625,0.35345701357466053,317,0.4134897360703812,3852,2968,6820
221,297.423087376559,15.549376868233553,0.3617499999095625,0.360295351473923,248,0.4134897360703812,3852,2968,6820
222,297.8273940131163,15.53666048946525,0.3617499999095625,0.37049263038548763,215,0.4134897360703812,3852,2968,6820
223,298.1110883002561,15.547515172796949,0.361499999909625,0.3765249150622877,185,0.4134897360703812,3852,2968,6820
224,300.2092215582981,15.65600480456835,0.36099999990975,0.35723446327683606,339,0.4134897360703812,3852,2968,6820
225,301.54687208953374,15.792425789271494,0.36099999990975,0.3423160270880362,474,0.4134897360703812,3852,2968,6820
226,301.61070958201356,15.74558989117281,0.3607499999098125,0.3509202488687784,413,0.4134897360703812,3852,2968,6820
227,302.62980069896287,15.773246389073089,0.35999999991000003,0.331826530612245,488,0.4134897360703812,3852,2968,6820
228,302.2462927512442,15.754184583943616,0.360499999909875,0.3343320045558086,520,0.4134897360703812,3852,2968,6820
229,302.1252925141571,15.68152750762897,0.35999999991000003,0.32137045454545454,561,0.4134897360703812,3852,2968,6820
230,303.4087340283492,15.56153750182796,0.3597499999100625,0.30167027334851926,638,0.4134897360703812,3852,2968,6820
231,302.73046722743254,15.546425146696185,0.359499999910125,0.3152068181818183,592,0.4134897360703812,3852,2968,6820
232,302.5880360509202,15.53612363474088,0.3597499999100625,0.29977443181818186,642,0.416058394160584,3867,2983,6850
233,301.07529882150914,15.579705512225818,0.359499999910125,0.3184942791762013,530,0.416058394160584,3867,2983,6850
234,301.066962532411,15.566168687607403,0.3582499999104375,0.3125565714285715,555,0.416058394160584,3867,2983,6850
235,300.34434752396265,15.57447765518176,0.356499999910875,0.32994811858608897,486,0.416058394160584,3867,2983,6850
236,299.4932795545793,15.605367239512955,0.356499999910875,0.3370176136363636,391,0.416058394160584,3867,2983,6850
237,300.21734162755166,15.551749500367404,0.35699999991075,0.3275964812712827,498,0.416058394160584,3867,2983,6850
238,300.3510358796491,15.51253963428423,0.3567499999108125,0.31713533408833516,527,0.416058394160584,3867,2983,6850
239,299.11777463849273,15.542600281700809,0.3572499999106875,0.3270113122171948,417,0.416058394160584,3867,2983,6850
240,300.11977815025205,15.4922865562826,0.356499999910875,0.3238284424379232,517,0.416058394160584,3867,2983,6850
241,300.07161437658084,15.441211186927044,0.356499999910875,0.3220603837471784,485,0.416058394160584,3867,2983,6850
242,300.25097181359314,15.536948635083196,0.3567499999108125,0.3130709459459461,501,0.416058394160584,3867,2983,6850
243,299.18578349674846,15.596253344697283,0.35699999991075,0.3310551801801802,455,0.416058394160584,3867,2983,6850
244,298.80984102726364,15.611183495425681,0.35624999991093753,0.34894002242152455,358,0.416058394160584,3867,2983,6850
245,299.6918645242107,15.409374599203195,0.3547499999113125,0.3255336322869955,444,0.416058394160584,3867,2983,6850
246,300.07765571377104,15.382097912786218,0.3547499999113125,0.32858193041526385,445,0.416058394160584,3867,2983,6850
247,300.37030399950174,15.368703636936356,0.35499999991125003,0.32656292134831466,438,0.416058394160584,3867,2983,6850
248,301.1691736907248,15.369488606110737,0.35499999991125003,0.31055543113101913,522,0.416058394160584,3867,2983,6850
249,301.68591819220626,15.5564758280197,0.354499999911375,0.3055172798216278,581,0.416058394160584,3867,2983,6850
250,300.7643089213494,15.599559927102096,0.3542499999114375,0.3200267558528428,520,0.416058394160584,3867,2983,6850
251,299.65016538464675,15.621713136674913,0.3532499999116875,0.3427508342602893,408,0.416058394160584,3867,2983,6850
252,301.0292989512594,15.622901575940805,0.35374999991156253,0.3040210876803553,537,0.416058394160584,3867,2983,6850
253,300.26873697258355,15.558748444486302,0.3532499999116875,0.2965409745293467,531,0.416058394160584,3867,2983,6850
254,299.6859177316783,15.52559550090157,0.35249999991187503,0.3074900552486187,485,0.416058394160584,3867,2983,6850
255,298.0018630634972,15.551364942575951,0.3517499999120625,0.3268416114790288,391,0.416058394160584,3867,2983,6850
256,297.78722985055373,15.551043735884937,0.3522499999119375,0.3334087912087913,350,0.416058394160584,3867,2983,6850
257,298.20489261168706,15.53168466984694,0.3527499999118125,0.32918914473684213,367,0.416058394160584,3867,2983,6850
258,299.2917822813379,15.568532276756988,0.3527499999118125,0.32445240700218814,456,0.416058394160584,3867,2983,6850
259,300.288254557646,15.534860224692213,0.3527499999118125,0.3022220394736842,656,0.416058394160584,3867,2983,6850
260,298.8821237746208,15.604919247970374,0.35299999991175,0.31269099890230523,505,0.416058394160584,3867,2983,6850
261,297.9282187114526,15.62779479430154,0.35299999991175,0.3296617161716172,406,0.416058394160584,3867,2983,6850
262,298.7696116486302,15.519237655334688,0.3532499999116875,0.32445609220636673,461,0.416058394160584,3867,2983,6850
263,297.64173506471957,15.592000372637274,0.351999999912,0.3475697036223929,363,0.416058394160584,3867,2983,6850
264,297.7907807686246,15.527378730972499,0.351499999912125,0.3364211391018621,377,0.416058394160584,3867,2983,6850
265,299.1187969570844,15.495363228881665,0.3512499999121875,0.32094085432639663,456,0.416058394160584,3867,2983,6850
266,298.8620508790353,15.541761433040515,0.3502499999124375,0.3366612021857923,412,0.416058394160584,3867,2983,6850
267,297.9313443867421,15.585435433231787,0.3502499999124375,0.347731693989071,332,0.416058394160584,3867,2983,6850
268,297.909755196753,15.60379594596492,0.3499999999125,0.35557633587786264,257,0.416058394160584,3867,2983,6850
269,298.7958235485317,15.599831365756437,0.34949999991262504,0.35591330425299894,236,0.416058394160584,3867,2983,6850
270,299.2372509189587,15.626791955761691,0.3492499999126875,0.36265468409586044,237,0.416058394160584,3867,2983,6850
271,300.2594144562398,15.571651453095164,0.3487499999128125,0.35278618063112077,302,0.416058394160584,3867,2983,6850
272,300.89115972400293,15.516300977508521,0.34824999991293754,0.3577060737527116,315,0.416058394160584,3867,2983,6850
273,300.86234943710184,15.531371587359628,0.3477499999130625,0.3663497830802602,262,0.416058394160584,3867,2983,6850
274,305.91414138737423,15.482107195728386,0.347499999913125,0.2833291757049893,700,0.416058394160584,3867,2983,6850
275,303.7320449844114,15.537610921334418,0.347499999913125,0.30169513513513524,562,0.416058394160584,3867,2983,6850
276,302.2825106386806,15.577975400254688,0.3477499999130625,0.3238146551724137,458,0.416058394160584,3867,2983,6850
